{"cameraMode":{"drawMode":0,"name":"Shaded","section":"Shading Mode"},"sceneLighting":true,"audioPlay":false,"sceneViewState":{"showFog":true,"showMaterialUpdate":false,"showSkybox":true,"showFlares":true,"showImageEffects":true,"showParticleSystems":true,"showVisualEffectGraphs":true,"m_FxEnabled":true},"in2DMode":false,"pivot":{"x":-15.76280689239502,"y":1.7402855157852173,"z":0.028036117553710939},"rotation":{"x":0.28832748532295229,"y":0.40981578826904299,"z":-0.13830940425395966,"w":0.8542881608009338},"size":4.225642681121826,"orthographic":false}